<?xml version="1.0" encoding="UTF-8"?>
<component xmlns="http://www.opensource-socialnetwork.org/v/3.0">
    <name>GoogleSheetsBilling</name>
    <id>GoogleSheetsBilling</id>
    <author>balfred</author>
    <description>Uses a google sheets to find the balance for the logged in user</description>
    <license>Open Source Social Network License (OSSN LICENSE) v3.0</license>
    <author_url>none/</author_url>
    <license_url>http://www.opensource-socialnetwork.org/licence/</license_url>
    <version>1.0</version>
	<requires>
		<type>ossn_version</type>
		<version>4.0</version>
	</requires>
</component>
